,Equipment,Fraction of equipment capacity utilized ,Rated motor capacity (kW),ops_list,total_flow,time,electricity kwh,diesel_l,baling wire kg,region
0,vacuum,0.85,5.0,vacuum,4235.178642784917,141.17262142616391,830.4271848597878,1694.071457113967,2541.1071856709505,Maryland_Dorchester
1,disc_screen1,0.85,8.5,disc_screen1,4130.415834523001,141.17262142616391,1411.7262142616391,1694.071457113967,2541.1071856709505,Maryland_Dorchester
2,disc_screen2,0.85,5.5,disc_screen2,3086.1991200765206,141.17262142616391,913.4699033457665,1694.071457113967,2541.1071856709505,Maryland_Dorchester
3,glass_breaker,0.85,30.0,glass_breaker,3527.4932396181202,141.17262142616391,4982.563109158727,1694.071457113967,2541.1071856709505,Maryland_Dorchester
4,nir_hdpe,0.85,13.0,nir_hdpe,939.4551950286184,141.17262142616391,2159.1106806354483,1694.071457113967,2541.1071856709505,Maryland_Dorchester
5,nir_pet,0.85,40.0,nir_pet,1302.1122383945594,141.17262142616391,6643.417478878302,1694.071457113967,2541.1071856709505,Maryland_Dorchester
6,magnet,0.85,4.0,magnet,722.275247900826,141.17262142616391,664.3417478878303,1694.071457113967,2541.1071856709505,Maryland_Dorchester
7,eddy,0.85,9.0,eddy,735.8727853930959,141.17262142616391,1494.7689327476178,1694.071457113967,2541.1071856709505,Maryland_Dorchester
